dataset_hidden,x,y
class_0,55.3846,97.1795
class_0,51.5385,96.0256
class_0,46.1538,94.4872
class_0,42.8205,91.4103
class_0,40.7692,88.3333
class_0,38.7179,84.8718
class_0,35.641,79.8718
class_0,33.0769,77.5641
class_0,28.9744,74.4872
class_0,26.1538,71.4103
class_0,23.0769,66.4103
class_0,22.3077,61.7949
class_0,22.3077,57.1795
class_0,23.3333,52.9487
class_0,25.8974,51.0256
class_0,29.4872,51.0256
class_0,32.8205,51.0256
class_0,35.3846,51.4103
class_0,40.2564,51.4103
class_0,44.1026,52.9487
class_0,46.6667,54.1026
class_0,50.0,55.2564
class_0,53.0769,55.641000000000005
class_0,56.6667,56.0256
class_0,59.2308,57.9487
class_0,61.2821,62.1795
class_0,61.5385,66.4103
class_0,61.7949,69.1026
class_0,57.4359,55.2564
class_0,54.8718,49.8718
class_0,52.5641,46.0256
class_0,48.2051,38.3333
class_0,49.4872,42.1795
class_0,51.0256,44.1026
class_0,45.3846,36.4103
class_0,42.8205,32.5641
class_0,38.7179,31.4103
class_0,35.1282,30.2564
class_0,32.5641,32.1795
class_0,30.0,36.7949
class_0,33.5897,41.4103
class_0,36.6667,45.641000000000005
class_0,38.2051,49.1026
class_0,29.7436,36.0256
class_0,29.7436,32.1795
class_0,30.0,29.1026
class_0,32.0513,26.7949
class_0,35.8974,25.2564
class_0,41.0256,25.2564
class_0,44.1026,25.641
class_0,47.1795,28.718000000000004
class_0,49.4872,31.4103
class_0,51.5385,34.8718
class_0,53.5897,37.5641
class_0,55.1282,40.641
class_0,56.6667,42.1795
class_0,59.2308,44.4872
class_0,62.3077,46.0256
class_0,64.8718,46.7949
class_0,67.9487,47.9487
class_0,70.5128,53.718
class_0,71.5385,60.641000000000005
class_0,71.5385,64.4872
class_0,69.4872,69.4872
class_0,46.9231,79.8718
class_0,48.2051,84.1026
class_0,50.0,85.2564
class_0,53.0769,85.2564
class_0,55.3846,86.0256
class_0,56.6667,86.0256
class_0,56.1538,82.9487
class_0,53.8462,80.641
class_0,51.2821,78.718
class_0,50.0,78.718
class_0,47.9487,77.5641
class_0,29.7436,59.8718
class_0,29.7436,62.1795
class_0,31.2821,62.5641
class_0,57.9487,99.4872
class_0,61.7949,99.1026
class_0,64.8718,97.5641
class_0,68.4615,94.1026
class_0,70.7692,91.0256
class_0,72.0513,86.4103
class_0,73.8462,83.3333
class_0,75.1282,79.1026
class_0,76.6667,75.2564
class_0,77.6923,71.4103
class_0,79.7436,66.7949
class_0,81.7949,60.2564
class_0,83.3333,55.2564
class_0,85.1282,51.4103
class_0,86.4103,47.5641
class_0,87.9487,46.0256
class_0,89.4872,42.5641
class_0,93.3333,39.8718
class_0,95.3846,36.7949
class_0,98.2051,33.718
class_0,56.6667,40.641
class_0,59.2308,38.3333
class_0,60.7692,33.718
class_0,63.0769,29.1026
class_0,64.1026,25.2564
class_0,64.359,24.1026
class_0,74.359,22.9487
class_0,71.2821,22.9487
class_0,67.9487,22.1795
class_0,65.8974,20.2564
class_0,63.0769,19.1026
class_0,61.2821,19.1026
class_0,58.7179,18.3333
class_0,55.1282,18.3333
class_0,52.3077,18.3333
class_0,49.7436,17.5641
class_0,47.4359,16.0256
class_0,44.8718,13.718
class_0,48.7179,14.8718
class_0,51.2821,14.8718
class_0,54.1026,14.8718
class_0,56.1538,14.1026
class_0,52.0513,12.5641
class_0,48.7179,11.0256
class_0,47.1795,9.8718
class_0,46.1538,6.0256
class_0,50.5128,9.4872
class_0,53.8462,10.2564
class_0,57.4359,10.2564
class_0,60.0,10.640999999999998
class_0,64.1026,10.640999999999998
class_0,66.9231,10.640999999999998
class_0,71.2821,10.640999999999998
class_0,74.359,10.640999999999998
class_0,78.2051,10.640999999999998
class_0,67.9487,8.718
class_0,68.4615,5.2564
class_0,68.2051,2.9487
class_0,37.6923,25.7692
class_0,39.4872,25.3846
class_0,91.2821,41.5385
class_0,50.0,95.7692
class_0,47.9487,95.0
class_0,44.1026,92.6923
class_1,32.331110226599996,61.411101248
class_1,53.4214628807,26.1868803879
class_1,63.92020226,30.8321939163
class_1,70.2895057187,82.5336485877
class_1,34.1188302357,45.7345513203
class_1,67.6707164012,37.110947969
class_1,53.259129405500005,97.4757710964
class_1,63.5149808671,25.1000785788
class_1,67.9805388133,80.9571652197
class_1,67.3724659005,29.720400203
class_1,15.5607495229,80.0656402858
class_1,71.7907676942,71.0654666627
class_1,70.2425464362,24.1095975542
class_1,64.93743554439999,81.5542049945
class_1,62.2135245453,21.475838996900002
class_1,67.26940047720001,18.7089683725
class_1,40.5701970446,79.37296347520001
class_1,74.7411813341,21.1016372041
class_1,71.7683189223,20.011061842300002
class_1,76.1669198143,75.9361704048
class_1,65.6236574431,15.5828033531
class_1,50.850633639399994,13.9876016304
class_1,33.0240700249,24.4678303872
class_1,39.7063261674,84.2752871038
class_1,45.5964849542,9.76334884943
class_1,42.9680469104,17.945458396099998
class_1,52.4944067819,16.0511142003
class_1,46.0822757831,23.1104578154
class_1,74.2477082092,20.314187812
class_1,64.5682641863,83.6396338956
class_1,74.02169390579999,76.1282745076
class_1,62.3911805626,5.623070760730001
class_1,74.189036683,68.13358322229999
class_1,28.2367819396,56.1395964513
class_1,75.7719387944,69.8292300322
class_1,75.8552294691,62.5170442862
class_1,65.9708570175,72.7448559954
class_1,21.7780404779,6.6166253072800005
class_1,67.7597962473,72.4212015285
class_1,78.6171953363,52.5752573142
class_1,68.5077081898,15.4569189652
class_1,74.88502115979999,25.416606323099998
class_1,66.4549036599,19.836628654200002
class_1,77.31780209850001,48.398346435200004
class_1,58.9124603193,75.6677562173
class_1,57.617447817,8.194800603189998
class_1,76.0882257967,59.679930023500006
class_1,57.4660505497,1.50441817488
class_1,79.4283834934,45.2107942872
class_1,76.3565221496,10.4182411281
class_1,64.40507526319999,78.5841760758
class_1,40.635041809099995,73.3947503698
class_1,43.9498645857,75.9587156671
class_1,30.996220579099997,71.694404938
class_1,68.2307689907,80.87250166279999
class_1,72.0463894612,12.9180067349
class_1,46.5927679682,84.9723827774
class_1,49.2572183396,81.8814032306
class_1,42.7817612539,12.9911884302
class_1,65.475952195,14.2745856444
class_1,71.96508265439999,17.7102359443
class_1,32.1464623358,43.4817094425
class_1,31.8384976954,71.8121653901
class_1,31.005258257199998,40.682503007
class_1,80.47089431890001,49.502148346700004
class_1,71.9641671122,41.8742826668
class_1,78.0794214417,93.13331676520001
class_1,41.6775957748,30.201264084600002
class_1,65.953595185,31.147406083499998
class_1,62.934459373100005,31.9163906992
class_1,64.3737979844,28.8625834061
class_1,72.5093283599,39.5401302526
class_1,30.052289874099998,96.6175423534
class_1,28.0033242354,46.6721919544
class_1,75.4012268619,88.6390766207
class_1,38.9800154218,87.32216069100001
class_1,65.2199135479,84.6829549336
class_1,73.0539899616,29.3808085571
class_1,34.3983616372,59.5444469033
class_1,43.4904501336,40.782542065
class_1,55.138737967,30.7257603575
class_1,43.6843934333,32.8230098696
class_1,35.9036097344,91.11186308010001
class_1,45.3780188805,29.1692166544
class_1,39.7774828713,43.75581895
class_1,38.6644611569,33.3172384774
class_1,39.0440366877,84.6760108316
class_1,91.6399614428,79.4066030605
class_1,47.4881326771,85.3899333808
class_1,44.590212576899994,22.0340116412
class_1,39.089614547800004,70.4661940802
class_1,42.2293783752,19.9140684075
class_1,37.0003871448,60.264279248
class_1,39.0520864793,70.6525028457
class_1,37.4884147432,60.814404851099994
class_1,69.3595594592,65.52135459590001
class_1,43.542775926000004,62.4603112824
class_1,39.8112302539,65.3348328092
class_1,70.06892594039999,7.593465608989999
class_1,70.04054358239999,77.14380660239999
class_1,39.505789079,74.85162721729999
class_1,62.5168908529,66.4847322418
class_1,72.1399254065,0.015119325155200002
class_1,45.2515760666,70.0034213192
class_1,42.0633045627,2.33519661206
class_1,36.3556951539,6.0058486497
class_1,30.3918276596,42.75961287
class_1,36.449003854299995,50.5462690659
class_1,40.467576002,60.0275120878
class_1,81.72461680020001,6.03754484635
class_1,48.823197496400006,76.6353305783
class_1,35.6205617651,57.286015578900006
class_1,50.58396311479999,71.80661610140001
class_1,61.8564651063,71.7927431642
class_1,39.3237560262,59.3008196656
class_1,42.1856791429,66.0348978235
class_1,30.8469189898,37.3416401041
class_1,29.346200428099998,42.1487418312
class_1,82.1105579783,1.21055166293
class_1,38.302005808800004,60.0177857932
class_1,56.584153021800006,70.512514809
class_1,33.339374286500004,0.5091067352
class_1,78.7742390407,35.4841012146
class_1,27.9226442446,25.986878184400002
class_1,71.6978651182,10.868144511099999
class_1,74.1383313856,49.1739189791
class_1,32.579020066,1.80811559665
class_1,59.83218542,69.1525081443
class_1,35.030628545700004,12.5366493416
class_1,74.3001198284,42.4770945921
class_1,63.2501970628,65.95248619659999
class_1,34.1730737648,25.693674309200002
class_1,40.9138319319,38.559019550900004
class_1,62.833293087399994,62.51089422689999
class_1,42.476792380300004,56.7312899691
class_1,52.0334562787,64.5666620298
class_1,48.9070429644,74.2877488252
class_1,59.8518383854,72.9583909677
class_1,48.9604602016,72.6295257275
class_1,46.8448551673,36.7917136918
class_1,39.9630215796,42.9449148487
class_1,66.704943997,32.0150954299
class_2,53.36656686600001,90.2080300059
class_2,52.8019793617,90.08806450629999
class_2,47.0541298828,90.458936026
class_2,42.448433781599995,89.50770011530001
class_2,42.704036324099995,90.4426288607
class_2,32.378938632600004,90.14414263100001
class_2,32.5307027362,70.1573965085
class_2,33.365264430500005,70.4593354392
class_2,32.6560991775,70.0510704992
class_2,22.955093269699997,70.42689515229999
class_2,27.1498436318,70.2108058428
class_2,26.1669092779,70.5003151212
class_2,26.331457079499998,50.494556525
class_2,22.0037091415,50.4994401238
class_2,23.284747978200002,50.4743528321
class_2,27.6340383923,50.5036668574
class_2,32.0371080007,50.5000661229
class_2,29.3365106528,50.461893968999995
class_2,40.816953133,50.4877601957
class_2,42.7390751173,50.483155992
class_2,51.8678937691,50.4932732621
class_2,43.371001892399995,50.5008373234
class_2,53.042798300600005,50.487503869099996
class_2,56.6189102967,50.5033740178
class_2,70.568289819,50.496236124300005
class_2,67.87088729199999,70.0680261345
class_2,58.821546589099995,70.4557817483
class_2,60.1869278445,70.4835512458
class_2,59.4355174849,50.42063260729999
class_2,49.5858434795,50.4349813825
class_2,41.7797417848,50.4706422808
class_2,46.12768633939999,30.4494107792
class_2,38.0337837705,50.4908995189
class_2,44.546841284399996,50.4159133758
class_2,46.2381175975,30.4956129408
class_2,49.7397453317,30.4727248868
class_2,39.1102518936,30.478695178899997
class_2,39.1428377913,30.7928559394
class_2,34.6254702671,30.499741029699997
class_2,34.7542074707,30.4958650002
class_2,36.753700238600004,50.529304303500005
class_2,37.0193512929,50.4926666972
class_2,41.4171152753,50.469773418100004
class_2,22.8171074784,30.4360403387
class_2,34.800701463,30.497931385100003
class_2,27.891889795300003,30.4849702595
class_2,32.8706391587,30.502341748800003
class_2,37.7940494081,30.4926383364
class_2,35.6673163042,30.522035054
class_2,48.4422995026,30.501722775300003
class_2,58.669373263100006,30.5068378948
class_2,47.9169554375,30.486725754499997
class_2,51.8941663939,30.494755684
class_2,51.7490891643,30.472993339899997
class_2,58.2465530013,50.442874494899996
class_2,57.3106968674,50.4825132895
class_2,67.9680481127,50.4521589097
class_2,65.9493192681,50.494240794
class_2,55.7470928102,50.478974800299994
class_2,68.40301004359999,50.4986272318
class_2,76.696465628,50.4938305609
class_2,67.2148371159,70.2600284356
class_2,72.3020057291,70.2204373812
class_2,66.7632573944,70.4738617113
class_2,51.6803004439,89.9970275485
class_2,53.096557357100004,89.540243712
class_2,42.2422929389,89.70857859360001
class_2,56.233875657700004,89.63530815700001
class_2,54.6809865825,89.9645994589
class_2,57.9026866088,89.6184017294
class_2,51.8202625467,89.83413039870001
class_2,56.828395336199996,89.58366472510001
class_2,58.272278586700004,69.9002729578
class_2,51.8281274487,70.3526492053
class_2,44.8499842618,70.39520297189999
class_2,24.270382392800002,50.4855676918
class_2,34.7424714403,70.3399348879
class_2,37.7993149267,70.4695358763
class_2,49.7869410649,89.65804699450001
class_2,59.751497414,89.7319325216
class_2,64.7747992444,90.132316736
class_2,70.8444476004,89.9242090159
class_2,70.6059455116,90.042061963
class_2,78.6424883907,89.5512032307
class_2,70.810692254,89.59265401180001
class_2,66.76994662130001,70.4233752108
class_2,73.3363681612,70.31692717050001
class_2,73.1051481627,70.300511881
class_2,74.6782541432,70.4453141903
class_2,80.24025095100001,70.3543089613
class_2,70.9468490729,50.4727017878
class_2,88.6626638086,50.4553260208
class_2,84.405952832,50.494865886599996
class_2,75.9871047068,50.49196695569999
class_2,91.1120854191,50.489389393
class_2,98.2881232748,30.603919371900002
class_2,95.0652748396,30.500402865199998
class_2,95.2492339568,30.4594542144
class_2,49.656126288100005,50.431319867700005
class_2,63.018600927899996,30.4925819262
class_2,70.5382006004,30.4835582526
class_2,70.0868697658,30.5100448173
class_2,62.685690442399995,30.5464245575
class_2,69.239417959,30.5060052447
class_2,80.4002336791,30.4850063746
class_2,74.6478782284,30.673862858400003
class_2,65.99527271939999,30.4750241915
class_2,67.0885590036,30.494523950799998
class_2,59.8525770283,10.5431877763
class_2,53.7489900744,10.5225745323
class_2,58.239095516400006,10.4948990284
class_2,54.810300495,10.7249292845
class_2,52.976712321099996,10.859490275999999
class_2,52.2038939272,10.495636921200001
class_2,50.7451622429,10.5249055723
class_2,42.7131936166,10.4875472428
class_2,45.3172255098,10.4958733944
class_2,53.116915041000006,10.5068605973
class_2,57.049801823,10.5081369414
class_2,54.854630946499995,10.4639151924
class_2,54.9248425638,10.498331942
class_2,63.309554030600005,10.4888142392
class_2,49.7494984129,10.4858029097
class_2,41.1693104232,10.4973002433
class_2,46.6883404976,10.5075321353
class_2,52.418921921499994,10.495906359600001
class_2,50.8784883796,10.5030898746
class_2,57.05330613939999,10.5140692392
class_2,70.78645115970001,10.5136950409
class_2,56.7721495656,10.5032723508
class_2,75.4772220231,10.5185680355
class_2,76.7659121498,10.496999064
class_2,77.621049129,10.4958742318
class_2,65.41448705229999,10.681840125099999
class_2,69.9647805002,10.5072329326
class_2,64.9697382623,10.482159511699999
class_2,38.0502407785,30.407946034299997
class_2,42.2241202189,30.498037158200002
class_2,87.69846429489999,50.4899365296
class_2,52.3603310701,89.7043170068
class_2,51.406786789799995,89.7121385499
class_2,43.588468468,89.7455365536
class_3,50.481508170299996,93.22270136569999
class_3,50.2824056687,97.6099835723
class_3,50.1867033389,99.6946801425
class_3,50.3269108629,90.0220534916
class_3,50.456207331499996,89.9874101286
class_3,30.4648469308,82.0892320845
class_3,30.501596473699998,82.3071263462
class_3,30.489569226999997,77.7298801366
class_3,30.45024833,79.8348944011
class_3,30.518394798499997,68.2525829388
class_3,30.5116612138,66.09371818310001
class_3,30.4980777147,62.3849850338
class_3,30.6202277519,60.8600821544
class_3,30.4921854231,55.8789168923
class_3,30.474634333,52.3221596388
class_3,30.500998079000002,48.0696996767
class_3,30.4944213623,45.7734755346
class_3,30.4995445502,49.382099750600005
class_3,50.144392978999996,47.014283641700004
class_3,49.912898587700006,55.5878389121
class_3,50.3374274859,57.9553142818
class_3,50.4189791992,60.5249117346
class_3,50.205258971400006,57.924217167600005
class_3,50.4353151633,56.439322473400004
class_3,69.5057889042,59.2849248279
class_3,69.5340709833,64.8929773346
class_3,69.51010693020001,61.3296244282
class_3,69.5263228876,56.995279125399996
class_3,49.947239961899996,48.2295767261
class_3,50.0631041291,58.085037556
class_3,50.489902373,39.2054119682
class_3,49.6888638379,42.018514414
class_3,50.3334811097,43.588671479
class_3,50.4467514196,57.230588942299995
class_3,50.4209091963,43.3479568967
class_3,50.374052050799996,32.918240616700004
class_3,30.4768299051,39.4246055913
class_3,30.5034743497,38.3485561381
class_3,30.5048349283,28.7714879939
class_3,30.462218464699998,32.7504720275
class_3,30.491302622,43.561374075299995
class_3,30.449653838000003,44.9951230008
class_3,30.485994215700003,47.3479464653
class_3,30.5020767935,36.4412129198
class_3,30.4780588886,28.020580489
class_3,30.5011608787,38.3141385582
class_3,30.504773017399998,26.4166256707
class_3,30.509115326,22.8255471196
class_3,50.1156321728,16.6940065479
class_3,50.4483013392,21.640256459899998
class_3,50.17317743,29.177864393000004
class_3,49.922741919399996,38.4404729124
class_3,50.3112993746,26.8604882737
class_3,50.3994096114,38.963838923400004
class_3,50.337362644799995,40.913386144
class_3,50.202318096499994,47.2129480045
class_3,50.2749326091,49.6234993439
class_3,69.4943803061,52.612410705900004
class_3,69.5193397556,47.384533706999996
class_3,69.5291826079,57.8412666804
class_3,69.495755496,58.785073161999996
class_3,69.199057706,60.41895732020001
class_3,69.55109144020001,58.401098268599995
class_3,69.5066843151,68.08446678930001
class_3,50.4441175504,75.01329950590001
class_3,50.4672293846,90.281464505
class_3,50.21088197899999,80.9417717084
class_3,50.205406955,90.6405359009
class_3,50.43829066479999,92.3547602661
class_3,50.3735188462,82.21920572180001
class_3,50.253683689,81.7438287242
class_3,50.2504708592,71.9513852104
class_3,50.0870583609,73.95187362680001
class_3,50.2310718829,80.6473870602
class_3,50.2077411201,73.1145035177
class_3,30.4995061735,53.6125276703
class_3,30.5203612407,65.1004090686
class_3,30.4549558873,63.501778781400006
class_3,50.4164772292,97.2696919618
class_3,69.5250693831,93.59805020889999
class_3,69.5202566002,97.1938760167
class_3,69.4989700668,92.1204899292
class_3,69.5286156637,91.6220882409
class_3,69.4997669273,84.47968329
class_3,69.5038013697,81.8154056166
class_3,69.4875893963,81.8359875567
class_3,69.5191157281,71.1159672213
class_3,69.50437629470001,70.4934438205
class_3,69.5125730109,61.497563946999996
class_3,89.49420056219999,62.234326967600005
class_3,89.5001240511,53.216330616499995
class_3,89.490246254,48.890796551
class_3,89.49778562,46.6299066746
class_3,89.50485113059999,48.4234081578
class_3,89.5010526463,43.3473436951
class_3,89.4888412549,40.6250912209
class_3,89.5016235276,45.8151791904
class_3,89.497529662,33.901372671
class_3,50.4390920216,37.670771798000004
class_3,50.179850128000005,36.8075593352
class_3,69.5050706711,33.7401525035
class_3,69.5798670452,21.935236745500003
class_3,69.5064719492,22.7286628748
class_3,69.4994788728,16.3374699821
class_3,69.500264751,27.136023994200002
class_3,69.5041565157,23.6689181006
class_3,69.5322795847,21.8509008151
class_3,69.5001114942,11.7916260054
class_3,69.5048154243,15.6143582625
class_3,69.5034745234,17.1690897689
class_3,50.3774019862,16.5060150613
class_3,50.339425481300005,18.723450686099998
class_3,50.0936501016,11.607713424100002
class_3,49.9341271714,22.256139740100004
class_3,50.288818612200004,13.436410466
class_3,50.2879944267,12.8722822086
class_3,50.234720700000004,20.4044729196
class_3,50.279701636700004,15.608737570999999
class_3,50.253006722200006,11.3020842468
class_3,50.4741411162,12.4619966676
class_3,50.1084399725,18.2590443442
class_3,49.919058248999995,3.7168538855
class_3,50.08366450850001,10.235881902400001
class_3,50.352260835500005,12.4686005273
class_3,50.497572241099995,7.409625234189999
class_3,50.0163058346,16.2536847911
class_3,50.4682212165,13.356702455499999
class_3,69.5506789842,9.03298756904
class_3,69.5186727475,15.1804864298
class_3,69.50345740979999,16.878313266099997
class_3,69.4994868291,10.2078266798
class_3,69.5275296829,9.99229666551
class_3,69.5190952617,11.4226857018
class_3,69.5618994268,15.9998037858
class_3,69.5010445197,5.95583353945
class_3,69.524635976,2.73476016988
class_3,30.4995937106,26.085561569099998
class_3,30.487391709,19.7794703733
class_3,89.50018047190001,31.9789174357
class_3,50.4102716314,98.6283694405
class_3,50.3259243927,94.9946308528
class_3,50.1040315041,95.0885380179
class_4,38.337757183899996,92.472719051
class_4,35.7518707905,94.1167680276
class_4,32.7672179591,88.5182945794
class_4,33.7296067755,88.622265789
class_4,37.238249327,83.7249284144
class_4,36.0271982243,82.0407806505
class_4,39.2392807768,79.2637238398
class_4,39.784524939099995,82.26056589619999
class_4,35.1660293896,84.1564919839
class_4,40.622115916,78.5421042089
class_4,39.181907086,79.8190371976
class_4,42.4308889944,75.13363464060001
class_4,43.0812558617,75.3467016413
class_4,44.360719434399996,70.4742070546
class_4,44.324778843500006,71.04590440189999
class_4,47.552160201999996,66.4604037217
class_4,48.6649246215,64.9610049438
class_4,46.280631958,68.0284231525
class_4,50.5632444849,62.6238279659
class_4,52.6309642318,59.9639357915
class_4,54.6362064446,57.4938424367
class_4,51.34602713899999,61.6005530364
class_4,57.134855353999995,53.8779658045
class_4,54.1712415737,58.0598078952
class_4,50.9423823071,62.0973939351
class_4,66.51292445600001,59.071281847799995
class_4,64.3979095023,56.1748754008
class_4,68.68659329399999,62.2373439902
class_4,65.02779370569999,57.0962573525
class_4,53.3045031712,40.883844549
class_4,52.94517808810001,40.384625694200004
class_4,45.225738199,30.555225922600002
class_4,50.8433046202,37.7446280981
class_4,49.659293939799994,36.273442735
class_4,47.142788934799995,32.025064173400004
class_4,41.2700565259,21.7218171465
class_4,47.1301271555,31.3099029222
class_4,40.9159715783,23.5415923929
class_4,38.6601639737,21.6895496369
class_4,42.6125508262,24.195053774
class_4,41.209039500799996,24.128709189099997
class_4,50.6492211499,37.4837907435
class_4,52.1319019406,39.3646020815
class_4,39.797271270500005,16.083549649000002
class_4,43.549881480699995,24.3072109395
class_4,36.7146633371,17.3818098572
class_4,37.224610127800005,17.9800644828
class_4,40.512447853699996,22.9622145725
class_4,40.2220627884,20.6146217044
class_4,44.1249612057,23.366245285799998
class_4,42.3462616039,24.5583269437
class_4,44.189084370799996,28.772625473
class_4,45.814245310100006,31.056979671999997
class_4,46.6431192691,31.4072190618
class_4,52.189888304700006,39.3677964938
class_4,51.100317358699996,38.095699984
class_4,65.40083414770001,42.6140320392
class_4,64.85203982670001,43.1337348404
class_4,63.4038060118,44.847493688
class_4,65.3715488709,42.6959713164
class_4,61.9080397046,53.19035206939999
class_4,71.8266529973,65.6862303604
class_4,72.6546231621,66.8782776113
class_4,76.8885781632,72.1654720777
class_4,43.74461968439999,71.2679610751
class_4,39.0542484428,83.1190207043
class_4,39.9316746322,79.9391880033
class_4,39.762826106999995,76.4059674459
class_4,41.323383287,80.21186859689999
class_4,41.7873232275,83.9880779935
class_4,39.7556490651,79.6570966361
class_4,40.7498793985,77.204657286
class_4,43.8568984983,77.6098436482
class_4,42.3678224956,73.6382718294
class_4,39.462959836399996,78.459973898
class_4,44.5173339492,70.3693498252
class_4,41.6360929963,76.2492229205
class_4,45.4229321817,69.0955016709
class_4,42.0028562742,97.83761472350001
class_4,76.1056290282,95.30498057540001
class_4,79.2025626772,92.40721562639999
class_4,84.8482440854,95.42480453040001
class_4,81.5644753207,83.7929072262
class_4,85.4461864009,83.0782938448
class_4,80.3124913784,76.5162389518
class_4,80.7662322969,79.8960656796
class_4,82.6701124763,81.711479845
class_4,77.1636254828,73.5237189623
class_4,74.0707000309,68.4795642895
class_4,74.1142308687,71.9263635185
class_4,68.942075458,62.635150577
class_4,73.24200233090001,67.3532711288
class_4,71.8670131631,34.3291575887
class_4,71.5691888532,34.699218607
class_4,71.4829096934,34.680516992600005
class_4,78.1285220512,23.139231835
class_4,78.789825254,25.597193346599997
class_4,77.7815467962,23.447214474499997
class_4,48.5306293681,34.1524500077
class_4,65.5307814724,42.2810847015
class_4,70.1180341426,36.4481847905
class_4,70.4722626065,36.0880530553
class_4,76.7911300701,28.0720081685
class_4,72.4093545935,33.039256966399996
class_4,76.271299815,25.5695441452
class_4,76.9532591384,27.7706107405
class_4,75.1077300904,30.0169834157
class_4,75.9692852004,29.038865375300002
class_4,75.2838870131,24.8747531721
class_4,77.05224063850001,27.9056390894
class_4,42.8267563374,25.556959406500003
class_4,42.0806606852,24.9465264454
class_4,39.8783046498,18.3249292157
class_4,36.4754991726,17.718947788399998
class_4,37.103073641900004,15.4456116477
class_4,34.1489682077,13.5238698677
class_4,37.5794219113,15.0158901333
class_4,41.0643057894,12.2144689321
class_4,42.195266147,20.9193721857
class_4,36.6055782383,15.748875885
class_4,39.4311612098,19.3238407541
class_4,37.5620763361,11.928445704400001
class_4,34.2381100444,13.7131582305
class_4,34.140941038600005,4.57766135024
class_4,36.6592676972,17.6819644553
class_4,40.6437192795,20.2408613716
class_4,36.7924815919,13.3921347304
class_4,75.9483006427,22.7447959146
class_4,76.8406924717,20.9185472197
class_4,81.9504776395,19.874558208499998
class_4,81.64370568529999,16.5917599845
class_4,84.6102197758,14.2477619017
class_4,84.1028794336,8.98065579006
class_4,80.18002545,19.0888441297
class_4,80.5732729943,8.36563890168
class_4,79.0043268649,10.6281977654
class_4,40.0481864651,24.2614879334
class_4,34.794593537800004,13.969683461099999
class_4,79.221764441,22.0945914837
class_4,36.0308797708,93.1217332374
class_4,34.4995583102,86.60998505110001
class_4,31.1068665551,89.4616352367
class_5,58.2136082599,91.881891513
class_5,58.1960536923,92.21498864819999
class_5,58.7182307185,90.31053208700001
class_5,57.27837287,89.9076067166
class_5,58.082020494,92.00814501010001
class_5,57.4894477748,88.08528556290001
class_5,28.088741319,63.5107944263
class_5,28.085468213600002,63.5901969481
class_5,28.087273053,63.1232828116
class_5,27.578025217600004,62.821038656599995
class_5,27.7799191139,63.518147516999996
class_5,28.5889998149,63.0240805653
class_5,28.7391414969,62.7208638859
class_5,27.024603240700003,62.9018588649
class_5,28.8013366963,63.389040388000005
class_5,27.186463838,63.5587296478
class_5,29.2851466002,63.3836058254
class_5,39.4029453026,51.1508571967
class_5,28.8113284396,61.3578540576
class_5,34.3039579069,56.542125909300005
class_5,29.6027609801,60.157346722
class_5,49.116156860299995,63.6600006211
class_5,39.6175458263,62.9251879574
class_5,43.23308466,63.1652187223
class_5,64.8927879422,65.81417675739999
class_5,62.4901493154,74.5842896072
class_5,68.98808442939999,63.232147305
class_5,62.105618630600006,75.99087075989999
class_5,32.4618467439,62.8819029189
class_5,41.3272006535,49.070251273900006
class_5,44.007149932299995,46.4496737846
class_5,44.0740606888,34.5532038906
class_5,44.00131523859999,33.9042073544
class_5,45.0063004454,38.2990195507
class_5,44.4438406096,36.0190833012
class_5,42.1787133986,26.492119482
class_5,44.0445656189,35.6622382764
class_5,41.6404540171,27.093095421300003
class_5,41.9383300069,24.991522979299997
class_5,44.0539275103,33.556392494899995
class_5,39.2067193308,51.5337156971
class_5,28.7044492315,61.777525400600005
class_5,31.7086628996,58.837754374
class_5,42.8117114739,30.0204484197
class_5,43.300614891,31.5264261979
class_5,40.3986329069,16.3470083822
class_5,40.4356915763,20.232670676199998
class_5,40.9365466658,16.913004836400003
class_5,39.661573665300004,15.609355577
class_5,40.899259175,20.7985289466
class_5,41.9686168283,26.497072598499997
class_5,40.383405823800004,21.3912255247
class_5,56.538126453800004,32.4442454697
class_5,52.9706912828,29.040196694099997
class_5,54.6209525885,30.3445244537
class_5,65.0990443941,27.2415575588
class_5,63.055990907600005,29.7090956748
class_5,70.9601362323,41.2595012867
class_5,69.8958192404,43.453759265500004
class_5,70.5958928563,41.9647438672
class_5,69.64702142729999,44.044445022
class_5,77.392982494,63.371459055200006
class_5,64.4007871926,67.44871844720001
class_5,63.8689598271,70.2137388333
class_5,56.5944213157,86.9270062202
class_5,56.5313372853,87.49981107129999
class_5,59.652158369700004,87.80946159209999
class_5,56.6365087005,85.637495556
class_5,58.6722880025,90.07716030700001
class_5,58.221612726400004,90.4110187715
class_5,57.914664476800006,89.95380276770001
class_5,55.315509058100005,80.2518606944
class_5,54.575728587700006,77.5362884724
class_5,54.4130936504,78.2290865878
class_5,55.0745059041,79.8175464166
class_5,29.432960515599998,60.8017765444
class_5,29.422686066500003,63.0684648229
class_5,29.005614157600004,63.390751333400004
class_5,58.4618385916,90.2653263904
class_5,57.997804738999996,92.1599086113
class_5,57.5494740761,90.74890655809999
class_5,59.5299284566,88.3272741451
class_5,58.249391063100006,92.1296814778
class_5,58.0245140126,91.6944211685
class_5,58.3821244904,90.5534760692
class_5,62.5667590405,77.7439347591
class_5,72.1758243064,63.128929417600006
class_5,79.4727615693,63.4086861199
class_5,80.3577008812,63.2954375404
class_5,78.7572361375,53.3326200111
class_5,82.5402395934,56.5410522935
class_5,86.43589719090001,59.7927618087
class_5,79.4886844186,53.651674264099995
class_5,81.5304203188,56.0253645659
class_5,79.1867885665,53.2347918468
class_5,77.8990579454,51.8224583343
class_5,75.1307142075,23.3724419733
class_5,76.0580137544,16.383749688199998
class_5,57.614674387600004,33.8224476502
class_5,56.1713975295,32.1179887719
class_5,66.2878905956,26.117109745300002
class_5,67.8817196169,24.2360184109
class_5,64.0280813016,27.6726855125
class_5,77.4966517463,14.9485235577
class_5,77.6346517616,14.461853927
class_5,77.86372642890001,14.610677649100001
class_5,77.3381581659,15.890054658
class_5,76.1804165329,15.9125737458
class_5,77.2526510945,15.1515170246
class_5,77.4133752817,15.221927976199998
class_5,76.7318493982,16.2168461441
class_5,49.4711054118,25.063019306199998
class_5,42.4765399431,18.338473563599997
class_5,43.595115862200004,19.9942009773
class_5,50.3399696652,26.4713966117
class_5,40.748980256100005,16.1821416622
class_5,38.3865255803,14.5802151464
class_5,38.4040152085,14.4519484496
class_5,38.7642788913,14.365590474400001
class_5,41.4701423265,17.2780334445
class_5,47.1554048146,22.3779325323
class_5,39.5825667453,17.6484528361
class_5,41.7402438167,17.8293243101
class_5,39.3118718889,15.6407169743
class_5,41.6798476925,17.7459190133
class_5,39.0874644519,15.1223039378
class_5,41.4815028637,18.0474374446
class_5,77.6060865492,15.162872538299998
class_5,75.9826615205,16.3069223786
class_5,76.94575724239999,15.858478334
class_5,77.5437200743,15.253949149
class_5,77.5847398447,15.8300393854
class_5,76.8223042562,15.595165319500001
class_5,77.3485716647,15.7745292395
class_5,77.5731526867,14.7806458332
class_5,77.9726106776,14.9556987461
class_5,41.528919758600004,24.9164251896
class_5,43.722550803400004,19.0773278036
class_5,79.32607817510001,52.9003912897
class_5,56.663974081499994,87.9401250067
class_5,57.8217892319,90.6931665489
class_5,58.2431718991,92.1043278652
class_6,57.613233547700005,83.90517079979999
class_6,51.2743918205,82.8179829379
class_6,50.7538984114,76.7541289533
class_6,37.0211840116,81.954469997
class_6,42.8817550897,80.18477005140001
class_6,37.1557104777,84.9541114129
class_6,38.7318581261,83.7893564281
class_6,31.000525410799998,82.5794805962
class_6,25.985499622600003,74.34938754779999
class_6,23.714566290900002,75.0980490792
class_6,23.077319507,71.7205396747
class_6,24.9391368744,72.5802858084
class_6,17.8934987136,71.1096873431
class_6,23.673081857199996,64.8708391385
class_6,23.7490719056,63.557171895
class_6,32.215178634299996,65.6009580191
class_6,29.4368412489,67.5545281141
class_6,40.0500951983,71.8890335708
class_6,37.5747950188,69.9887444412
class_6,49.3104686263,67.1687603206
class_6,47.3480185524,72.5916115408
class_6,50.157414433999996,71.1617258246
class_6,58.210008269700005,68.04453807189999
class_6,56.608907656099994,70.40894608880001
class_6,52.833820530299995,72.5518862725
class_6,61.8185854576,76.1128240228
class_6,61.7276334143,77.0692384058
class_6,62.192252081499994,76.1568192103
class_6,58.1187658587,73.1189614684
class_6,58.2704123843,35.5968950425
class_6,59.7665303129,32.6212516009
class_6,52.5355347207,27.174122941900002
class_6,50.8925215809,29.145283938200002
class_6,49.9675511775,28.460203334299997
class_6,51.3478832298,27.3642602259
class_6,37.5551162883,24.5376638386
class_6,39.1995941778,23.6804956588
class_6,36.3827221955,25.2380052325
class_6,41.1006943822,26.552613216100003
class_6,28.217811824800002,28.2802924847
class_6,33.7970720433,28.6997507433
class_6,43.9193873055,27.7978445882
class_6,44.4164011084,28.947692334499997
class_6,28.0376027706,26.803824361300002
class_6,31.6895761296,26.666400208899997
class_6,27.2796128523,19.257280968499998
class_6,31.2218783581,26.4408557812
class_6,33.5458051034,20.080708101400003
class_6,39.7363306065,23.4948069772
class_6,42.8418426525,20.3339004396
class_6,47.0937298879,26.993470631199997
class_6,51.4536583539,26.0229417521
class_6,49.3677068167,22.005580703000003
class_6,48.2534809736,29.2708555331
class_6,61.0029597643,30.015314432399997
class_6,60.806560804899995,27.8683134861
class_6,59.0674270249,26.7882840217
class_6,61.4146337175,31.0393750583
class_6,68.9343694692,31.619893086599998
class_6,63.0652438592,34.2357465852
class_6,72.2725228706,67.64444378510001
class_6,75.35988196640001,75.4216145799
class_6,72.83362587090001,72.1146938095
class_6,70.8104148392,79.3504618327
class_6,45.801934761700004,81.6582677456
class_6,45.835020171000004,82.7425919919
class_6,40.0788064496,80.2471852579
class_6,51.982924700299996,82.2043834675
class_6,57.337906053000005,84.9995188696
class_6,62.336232762399995,83.2465678988
class_6,58.5059100905,81.7455863409
class_6,56.247935137700004,83.513949493
class_6,55.406520829499996,80.26667196689999
class_6,53.2839688423,84.2635992213
class_6,44.6767615455,80.2382855483
class_6,30.011264247199996,68.1467563743
class_6,29.7452539206,74.40452683470001
class_6,37.309948354899994,72.5861552003
class_6,61.1359469093,82.5375693646
class_6,61.7206191907,85.7056934492
class_6,63.6093798555,83.3600288362
class_6,70.7237162322,87.1522075165
class_6,75.0063926418,82.4258351563
class_6,75.09254978140001,83.4373907092
class_6,70.3279291834,82.0293546968
class_6,70.8633308324,79.4081747457
class_6,75.7799048195,79.8861994199
class_6,78.0936590733,77.759558184
class_6,76.7457612243,71.97336009189999
class_6,78.4646034437,69.7493008209
class_6,76.74568484859999,70.0440572588
class_6,85.161682187,65.5124047088
class_6,91.8083525691,34.9655944844
class_6,91.88744859239999,34.769253855500004
class_6,92.2484016622,32.377154429499996
class_6,91.782532741,34.3842946521
class_6,96.0805193672,28.0536005018
class_6,92.2478988278,28.0707514904
class_6,57.662276619,24.060607932800004
class_6,59.8469248931,26.1777124879
class_6,64.0670962137,27.7765005568
class_6,60.9815013975,23.9342981582
class_6,59.9670579092,26.8025832185
class_6,62.7074541119,21.995508578699997
class_6,69.1952352018,22.709792166
class_6,65.5923626471,20.6941731019
class_6,64.6170985343,22.4431455531
class_6,59.191159131999996,17.767901807
class_6,55.8396313724,21.6185696663
class_6,59.0007586238,21.1710074885
class_6,56.4593711284,25.144564208200002
class_6,52.3581053558,19.4170541222
class_6,51.8116637782,17.0334945954
class_6,54.222845621000005,19.503665544
class_6,49.0187553996,23.489274019699998
class_6,35.6535812004,17.5145080595
class_6,46.965785757,16.7892016247
class_6,49.5842392555,16.7579160147
class_6,51.8562999655,21.969084007
class_6,55.9528886329,16.789757604800002
class_6,51.6637862607,19.925125197699998
class_6,45.8596693166,17.1289036754
class_6,39.7403795202,18.7410514146
class_6,52.8112216438,17.8549881176
class_6,56.7891043639,17.3061155207
class_6,54.114531780600004,17.6735343896
class_6,55.571119732,17.369574581
class_6,65.3064624975,18.1973548277
class_6,66.9907491546,17.2228706509
class_6,72.1567189391,16.814274791400003
class_6,70.9805804021,17.15575228
class_6,72.22208220729999,19.3692816955
class_6,79.7001583481,20.740218365
class_6,64.2491606461,14.913962460699999
class_6,66.9432914334,20.1891325034
class_6,66.9416766634,18.2435093914
class_6,39.648266646799996,22.731366371799997
class_6,37.9497836858,26.5217492344
class_6,86.50439056110001,34.8940252874
class_6,50.8154853559,78.950838805
class_6,51.183466663800004,85.1288546497
class_6,40.8638552293,82.9261452983
class_7,51.1479167122,90.86741233129999
class_7,50.5171258092,89.1023945866
class_7,50.2074801993,85.4600473951
class_7,50.0694819181,83.0576695262
class_7,50.562846338599996,82.9378217764
class_7,50.288527801,82.9752535659
class_7,25.5834750822,82.9148911324
class_7,25.4835833896,82.929084979
class_7,25.443525704899997,82.8742004973
class_7,25.565113423699998,82.9240977704
class_7,25.9288442731,82.8211841087
class_7,27.5514782612,51.487386530600006
class_7,27.530466369299997,51.4148465629
class_7,27.095570360500002,52.0767994399
class_7,27.4392496133,51.712079052700005
class_7,27.8782642594,50.70890793
class_7,27.3388689181,51.653046754399995
class_7,27.6784029741,51.1819891691
class_7,52.6356576791,51.4185522584
class_7,52.025214105500005,52.1230110467
class_7,52.8811647904,50.6215547554
class_7,52.9526073133,50.074739011800006
class_7,52.52055249359999,51.5024421035
class_7,52.3428220582,51.8619520908
class_7,51.9275902141,52.257790606499995
class_7,52.713774489399995,51.1979443188
class_7,50.4438027888,82.94182881729999
class_7,50.2166950326,83.7523429676
class_7,52.1841801076,51.975250671400005
class_7,52.792097345900004,51.073395650900004
class_7,52.5897198565,51.338090196
class_7,52.0288486671,52.1768375002
class_7,52.729246581000005,51.2017650475
class_7,52.8843132864,50.4414354501
class_7,52.5093008862,51.416205150799996
class_7,50.8626843321,17.145631091400002
class_7,50.8914922458,17.1413237277
class_7,25.855127597600003,17.0819086886
class_7,26.0256445518,16.9250135319
class_7,27.893172718699997,50.6619634101
class_7,27.639967935399998,51.3990974838
class_7,27.892658895,50.7952815163
class_7,52.797732939899994,50.6860370901
class_7,27.5806388053,51.5247612607
class_7,26.491398534899997,17.4053909738
class_7,25.9853178159,17.203722132
class_7,26.2014192753,17.0938239128
class_7,25.8575694746,17.113842659
class_7,50.7046843629,17.0237445436
class_7,50.8119753465,17.1149252621
class_7,50.564845557700004,17.0777773216
class_7,50.939303912700005,16.981021883
class_7,50.4588548392,17.0385789686
class_7,52.9013640729,50.6905627231
class_7,52.6849534438,51.2944692191
class_7,52.500088943,51.594356165
class_7,51.8356372562,52.3357655339
class_7,76.9954121013,52.0455286534
class_7,77.310600475,51.7467300374
class_7,77.9260443352,50.318660423699995
class_7,77.2543883433,51.4618248152
class_7,76.2431578028,52.123689850299996
class_7,77.0844843669,51.967136700299996
class_7,75.2280531954,82.98566202010001
class_7,50.658354771400006,83.1144793358
class_7,50.203365811400005,82.9826568621
class_7,50.9295476993,82.8460411252
class_7,50.178671846499995,83.1846223323
class_7,50.422698058,82.9099014671
class_7,50.4642248341,82.93532841310001
class_7,50.4492703306,83.9699203811
class_7,49.928380275200006,82.9936654888
class_7,50.4880136436,83.0995191232
class_7,49.964905379300006,83.7083177013
class_7,50.752108255900005,82.9019500961
class_7,27.4224292143,51.4388762325
class_7,27.6740833991,51.3041121452
class_7,27.537395315100003,51.593654076199996
class_7,52.263347376400006,94.2493278274
class_7,51.7372816586,92.9791175339
class_7,75.8709636929,88.38644173770001
class_7,75.24432620520001,83.9034973788
class_7,75.1982952889,83.4623033365
class_7,75.7010415321,82.9194588559
class_7,75.4793396586,82.8840513891
class_7,75.1945668739,82.9321157846
class_7,74.8202539551,82.9623887856
class_7,75.1643404933,83.0349971693
class_7,75.2633555474,82.9452793018
class_7,77.75641893310001,51.1517703255
class_7,77.9544350549,50.4755789715
class_7,77.08333777189999,52.1577992662
class_7,76.0635502513,52.1046520613
class_7,77.6820163247,51.1656378096
class_7,76.8780819814,51.8675622958
class_7,76.9485027211,51.9075165439
class_7,77.86405471239999,49.6625455341
class_7,75.7714500936,17.1112512057
class_7,52.3315691301,51.8788603463
class_7,52.5928183721,51.3915915185
class_7,50.4770477213,17.0482894119
class_7,75.2964750909,17.0156531888
class_7,75.573954129,17.062192141500002
class_7,75.4005271583,17.0411068868
class_7,75.8709908356,17.1348939075
class_7,75.6058847579,17.0677230553
class_7,75.8955770466,17.1699497051
class_7,75.7465632023,17.105716511500002
class_7,75.14234148109999,16.7549238932
class_7,50.661779556300004,17.0781405153
class_7,50.6998506392,17.085184383599998
class_7,50.918940865399996,17.1476047571
class_7,50.7252585405,16.9074698083
class_7,51.263871227399996,17.1623497098
class_7,51.2509196468,17.2404558616
class_7,50.78515720520001,17.1801964842
class_7,50.5013965822,17.105770718800002
class_7,50.7336745372,16.992963414400002
class_7,50.711378539799995,17.0883158538
class_7,50.8127448984,16.5727180506
class_7,51.014232955,17.2210955293
class_7,50.353521405200006,17.0647430794
class_7,50.435529572200004,17.0651685025
class_7,50.6309819633,17.0765223454
class_7,51.0668072036,17.2088597095
class_7,50.792354726300005,17.204214338699998
class_7,50.551278056099996,17.0846551833
class_7,50.559758056199996,17.093883774400002
class_7,75.32597854710001,15.7718919896
class_7,75.04472578,17.0042622562
class_7,75.2870877232,16.1749349097
class_7,75.2399699777,17.0318474866
class_7,75.1524592023,17.0049424015
class_7,75.9618400861,16.6948422289
class_7,75.4480625064,17.0451494125
class_7,75.7593838168,16.942929654500002
class_7,50.378262298,16.946279811300002
class_7,50.533635009399994,17.019581369100003
class_7,77.50090731649999,50.1669859475
class_7,50.6911241884,87.51396042409999
class_7,49.990394951099994,83.997356924
class_7,50.1271820272,82.990749996
class_8,55.993030151300005,79.27726369770001
class_8,50.0322537946,79.013071199
class_8,51.288458659300005,82.4359398425
class_8,51.170536887299995,79.1652941091
class_8,44.377914528699996,78.1646280036
class_8,45.0102700721,77.8808631153
class_8,48.559816719,78.7883706035
class_8,42.1422682922,76.88063455439999
class_8,41.0269715735,76.4095884613
class_8,34.5753090115,72.7248411845
class_8,31.1686007236,69.24542131930001
class_8,32.6442540714,70.7325550334
class_8,26.666645653899998,62.98097120520001
class_8,26.459262327399998,62.6346733709
class_8,25.538007646500002,60.6302361093
class_8,26.3207111933,62.396281118599994
class_8,26.1633874648,62.02681489850001
class_8,25.2137904611,60.273398601800004
class_8,26.8595295604,63.14183467270001
class_8,31.7606691716,69.7976553936
class_8,39.793290574400004,75.8079642168
class_8,45.6174391854,78.11997022770001
class_8,53.7714606827,79.3029316435
class_8,56.4514336733,79.2471070208
class_8,66.0937201989,77.01781826060001
class_8,56.9258394194,79.20631862260001
class_8,58.9882538467,78.9172589554
class_8,57.902266053299996,79.0808678187
class_8,64.81286695680001,77.4869389235
class_8,60.3497935166,78.7294458673
class_8,48.890555756000005,16.8065435154
class_8,47.549506348,17.0714045245
class_8,30.889430825700003,26.3290372348
class_8,28.972835724,29.0504689185
class_8,35.1613607523,22.7868496473
class_8,45.870369168500005,17.4893933655
class_8,32.8314206076,24.797538145900003
class_8,39.4855747899,20.0330500489
class_8,33.446182931399996,24.1906434075
class_8,21.863581275599998,46.0525933457
class_8,25.1658708449,35.7666139539
class_8,22.9594789762,51.2877067934
class_8,25.586055241500002,60.846583358500006
class_8,26.314310067199997,33.297168103800004
class_8,33.037301251,24.5644624921
class_8,36.4688894772,21.8761144725
class_8,26.5135531009,32.918749817800006
class_8,36.0270912125,22.1954385395
class_8,42.681040412899996,18.5425361977
class_8,45.04107712729999,17.7345177303
class_8,47.352416455699995,17.134745426400002
class_8,53.8461940322,16.3873180961
class_8,55.129639383500006,16.353246871099998
class_8,52.188119961700004,16.4182174652
class_8,58.672663084499995,16.6633724322
class_8,82.1443116037,33.1952218669
class_8,75.6865711383,24.7415103908
class_8,85.344964503,52.886419866000004
class_8,83.8446535127,58.616060230500004
class_8,85.66476066,45.5427527692
class_8,77.931004934,68.6900618808
class_8,73.0318330209,73.12057473
class_8,70.1028044999,75.6832068542
class_8,57.1446946889,79.1941025922
class_8,46.9624619942,78.6665589963
class_8,50.5649338128,79.0772985529
class_8,53.7196765696,79.306936167
class_8,54.2002323226,79.3250023354
class_8,47.875198343,78.6758534295
class_8,51.473458514899995,79.1598669963
class_8,52.7512222162,79.2936599344
class_8,48.5622230047,78.7823835275
class_8,53.0812416908,79.2972507654
class_8,56.475383373999996,79.1678400979
class_8,49.570911405,79.0381238831
class_8,37.6277032991,74.5575043418
class_8,32.2637000863,70.3166389012
class_8,32.542380336,70.7024172063
class_8,52.825017192299995,85.5781338795
class_8,58.528289540699994,78.9787042541
class_8,56.265834263,79.2529394854
class_8,57.075892419300004,79.1939225382
class_8,54.2564023808,79.3138648504
class_8,62.6856712475,78.1747432719
class_8,68.0856058616,76.1123175001
class_8,65.1181219632,77.3991884543
class_8,68.7456312971,75.7900554548
class_8,63.0902251412,78.041409495
class_8,77.2045893204,69.3121497658
class_8,82.0339084758,62.6818697859
class_8,81.5779459183,63.8949255005
class_8,85.1801432805,53.78167666069999
class_8,84.28682499359999,57.2561680896
class_8,85.62248671260001,45.0241658646
class_8,85.6044990156,50.762337905500004
class_8,84.4247858276,38.761410164000004
class_8,85.570985078,44.560096439700004
class_8,84.62672420060001,39.4870775084
class_8,73.39615492520001,22.816247942600004
class_8,73.5074477338,22.8569887644
class_8,63.356488113500006,17.7240688424
class_8,72.9590468722,22.5114998325
class_8,64.0208416469,17.8835812521
class_8,61.124463241,17.1163533592
class_8,75.6742073297,24.782500965700002
class_8,69.51358315739999,20.2793578927
class_8,58.572135466899994,16.642703808
class_8,70.98194098649999,21.145888103900003
class_8,65.2230303973,18.3971951223
class_8,65.3150439093,18.3337482986
class_8,64.0102406778,17.9244781912
class_8,57.140935929399994,16.598610543699998
class_8,56.365153255200006,16.3265463742
class_8,43.046183241,18.4025593948
class_8,52.081755558199994,16.4538745312
class_8,42.8790365154,18.4894110252
class_8,51.5669948027,16.4857136372
class_8,58.8391251216,16.6376352154
class_8,60.7557891374,17.0332315064
class_8,54.761156118100004,16.3661890954
class_8,53.5699050003,16.339712550599998
class_8,48.914618241599996,16.7986370826
class_8,52.646137306899995,16.3848363836
class_8,49.8384929905,16.6763302777
class_8,52.6840664009,16.4079627826
class_8,65.8072190346,18.1407649473
class_8,60.6739209233,17.0518023644
class_8,63.394712866000006,17.7005351354
class_8,64.8020094467,18.2168786335
class_8,65.0259398087,18.2878245002
class_8,65.7555515404,18.5162158303
class_8,69.9677341245,20.5389887758
class_8,68.8927840241,20.0324488429
class_8,61.8265465579,17.2696554452
class_8,60.7879700808,17.046204858299998
class_8,61.9156096372,17.282191222799998
class_8,45.028997533100004,17.7244473049
class_8,39.921362808400005,19.7018495281
class_8,84.79427787510001,55.568650373500006
class_8,55.662958744899996,83.35647962430001
class_8,50.4922475132,78.997532065
class_8,51.4671011416,79.2018445773
class_9,51.2038911373,83.3397766053
class_9,58.974469901800006,85.499817612
class_9,51.8720726696,85.8297376348
class_9,48.179930786499995,85.0451167372
class_9,41.6832004024,84.0179406019
class_9,37.8904155015,82.5674929978
class_9,39.548973694699995,80.812601774
class_9,39.6495738769,82.6645338713
class_9,34.750597047199996,80.01109098970001
class_9,27.560835291,72.8478255927
class_9,24.6355399754,71.6107148256
class_9,20.9594648125,66.0414983826
class_9,20.6891490538,62.721305206400004
class_9,19.2882047369,62.0630593582
class_9,20.0245005746,61.342623869499995
class_9,35.4695229971,43.115884951700004
class_9,36.8943276507,47.7065559687
class_9,39.055549775100005,55.5469737131
class_9,46.95708014939999,65.2404073935
class_9,37.3104527352,45.2587508999
class_9,40.0096720019,60.98658250770001
class_9,48.0143866846,65.7128195934
class_9,53.703775926800006,66.3894820363
class_9,63.0674998921,64.0350004581
class_9,62.048032507600006,63.8458632494
class_9,59.8399667124,64.4767644437
class_9,55.1609418175,65.2373081694
class_9,61.2797865792,65.766402504
class_9,60.8349175348,64.6037697063
class_9,61.5205906458,64.7918550418
class_9,36.916543863,41.0952474383
class_9,38.5021996714,41.5671556174
class_9,48.664370734399995,30.6806668519
class_9,50.2852524042,30.337922105100002
class_9,42.276332666,34.527636123600004
class_9,54.0317756204,29.6723483149
class_9,37.3293552552,39.6020423074
class_9,41.389522551,37.296056232800005
class_9,40.0746666572,34.6236852027
class_9,35.3496806211,47.141073133199995
class_9,34.7637004189,47.624799924499996
class_9,37.0266294472,44.4622930512
class_9,36.4555695327,40.791843031999996
class_9,35.5376642131,48.72938686609999
class_9,20.4089478892,32.2030304205
class_9,23.4957104659,25.3224681542
class_9,29.5575433634,21.3647774591
class_9,33.0082339121,15.985071458399998
class_9,53.9803991821,29.3509867092
class_9,52.2343086004,29.7116729865
class_9,59.5030766063,30.6696739448
class_9,41.1637810689,34.3157582514
class_9,48.993040120100005,32.0303588363
class_9,59.26928032479999,29.6407017654
class_9,45.4691770035,33.8311927323
class_9,62.691266540600004,30.2903738312
class_9,73.4286708654,48.577855130299994
class_9,70.846426107,52.28225333100001
class_9,71.5390198495,45.521806158800004
class_9,67.6208658884,38.0065584658
class_9,72.4709525633,51.1221348241
class_9,64.8122375621,62.810915587299995
class_9,60.853679872700006,65.49914703270001
class_9,67.7894961571,61.3637015467
class_9,41.6095572691,83.8486865559
class_9,53.0030253202,84.6747986012
class_9,54.714171059099996,84.0431280734
class_9,44.2916687157,82.90944121439999
class_9,49.1917219555,85.87622912239999
class_9,53.101381781899995,84.5476586881
class_9,51.599848153,84.81982148979999
class_9,54.379721948400004,84.2403555494
class_9,46.480768104700005,83.518211666
class_9,53.174656268,84.2605679876
class_9,45.272002941000004,85.23707941949999
class_9,36.03340215,53.371687755
class_9,28.271194165300003,72.840231257
class_9,25.054806084699997,71.5485979221
class_9,64.7588870014,82.31522364050001
class_9,63.1445274767,85.23669632640001
class_9,50.4246786898,85.1747475891
class_9,70.6449962629,82.4309187567
class_9,63.1490490834,83.94685534850001
class_9,62.8240245172,84.9661859507
class_9,70.236869515,82.1711510621
class_9,70.0427352449,80.3850213547
class_9,72.5706234458,80.9712184346
class_9,75.13071603729999,79.9840931403
class_9,83.2939057345,70.7784317876
class_9,79.6642622775,73.9323097157
class_9,88.43210252540001,64.6242470023
class_9,89.1155590082,64.0015066388
class_9,89.0921976305,57.768193047
class_9,91.7260057727,52.623353257299996
class_9,91.7355387598,48.970210887700006
class_9,91.5078881747,53.312652085100005
class_9,88.23900190399999,31.4774348786
class_9,88.5305192041,30.4760310098
class_9,55.3651603364,30.4458502777
class_9,62.560258869399995,30.447135666100003
class_9,58.0066691227,30.2537212987
class_9,55.0671179917,29.0115351997
class_9,61.614775961199996,29.994391194200002
class_9,68.54314353779999,35.6578321706
class_9,77.7061096487,20.3042601852
class_9,68.4530459999,13.035528590799998
class_9,68.25720644020001,12.3846391542
class_9,70.2554746739,13.2503849689
class_9,65.0443252778,11.000841478499998
class_9,60.0922466078,11.8721117093
class_9,52.9920289667,9.90666848335
class_9,50.144628977299995,12.2115430946
class_9,46.508614193199996,11.2071344881
class_9,43.807031961199996,11.3189448865
class_9,57.8178546865,10.945142430599999
class_9,50.940492659499995,9.69154713447
class_9,63.49732308350001,11.9140691707
class_9,50.0164829541,11.933852086400002
class_9,58.6367650809,11.9747210652
class_9,54.730289086300004,11.412882673199999
class_9,65.87554780229999,11.7324363627
class_9,57.0609827131,9.92056085444
class_9,46.819907946,10.4946526804
class_9,38.3593948725,13.431322624000002
class_9,47.3154157773,12.853451784
class_9,55.0519165396,11.949988618099999
class_9,50.5159602579,9.76559162187
class_9,49.67741465140001,10.383132508300001
class_9,67.28065951880001,14.128651532300001
class_9,66.1730182606,12.0379170217
class_9,61.0885441374,10.0845344144
class_9,66.05308577310001,13.380226007300001
class_9,72.6699892655,15.234225940899998
class_9,61.503472503000005,10.828414475399999
class_9,68.995028632,13.9943105293
class_9,78.2499161658,17.8832409068
class_9,36.481980569899996,15.162760094400001
class_9,50.9677483784,29.6797742875
class_9,91.1910536059,46.6743428399
class_9,55.863768493900004,85.3364867573
class_9,49.2805947987,84.0488228306
class_9,43.3685015447,84.3321772039
class_10,47.6952008891,95.2411869282
class_10,44.6099759113,93.075835032
class_10,43.8563814822,94.08587177129999
class_10,41.5789293984,90.30356653870001
class_10,49.177418555900005,96.61053245379999
class_10,42.6522509813,90.5606397307
class_10,30.1233318217,81.1442953304
class_10,31.915519986,79.7904134869
class_10,27.887719357399998,75.4455759934
class_10,27.548234452600003,75.1647590544
class_10,20.209778163699998,67.5166420988
class_10,24.4434528292,54.4736551228
class_10,24.630830133099998,53.395738899799994
class_10,21.0379688969,49.829299645
class_10,27.106242931999997,54.7195531488
class_10,28.089617655300003,60.512212549
class_10,31.1357349152,61.4319127116
class_10,37.700837521,68.4184052804
class_10,43.3926884016,43.5975940692
class_10,51.2623974761,49.6665051258
class_10,43.2867129203,43.0568603208
class_10,55.9059162338,54.2526725342
class_10,50.198958948999994,52.2250295948
class_10,55.761587372,54.0305172396
class_10,58.3231396505,60.0310591646
class_10,70.171457528,70.2822212385
class_10,60.600276471,59.7533088802
class_10,63.7602750188,61.185641169600004
class_10,54.389495261899995,53.811901225
class_10,55.2412969947,52.593574626700004
class_10,49.070126750200004,48.896944681099995
class_10,46.0181190216,46.257723371800004
class_10,44.759587435600004,41.9746066134
class_10,51.6006241332,50.032466885299996
class_10,36.4658820182,35.5241876075
class_10,33.394798732699996,35.0168013145
class_10,37.580071574899996,38.8315722007
class_10,36.619722059000004,36.8114141094
class_10,36.1634664356,33.819314199000004
class_10,33.1677570349,31.247741167199997
class_10,42.6449829318,40.1543216386
class_10,47.2250252695,44.5756466185
class_10,48.392363003199996,50.3315285645
class_10,27.2451932001,29.8195074488
class_10,30.404314338800003,29.079539924099997
class_10,30.0807992865,27.5880255173
class_10,33.9806339675,35.0330581489
class_10,34.2506117649,34.4415865654
class_10,51.141183571400006,20.6183237784
class_10,49.899592066000004,19.5640835356
class_10,55.5898773424,26.2992451143
class_10,55.4820563581,22.8274662445
class_10,63.5729393821,32.9386176053
class_10,59.025077084799996,28.3220858801
class_10,62.4237785929,33.4865952868
class_10,47.849907703,48.556624645
class_10,52.2685616825,52.805240196099994
class_10,68.8510215758,39.573434273000004
class_10,65.6763960251,35.109315430100004
class_10,77.7468851148,47.371824113900004
class_10,80.352934115,47.80029888520001
class_10,60.337586485799996,63.0349593272
class_10,61.6587233282,64.1000234779
class_10,71.5450389858,72.657716331
class_10,49.0409566406,77.36258326779999
class_10,51.886888022200004,80.1136076892
class_10,57.968981435,85.35604573260001
class_10,54.855664646,83.7833976656
class_10,54.1331954613,83.7939960824
class_10,51.308825256800006,80.1363911553
class_10,61.120394384399994,88.7040529069
class_10,55.5638650304,85.81037514409999
class_10,55.044123361000004,83.5414106324
class_10,50.4441853247,78.1958883115
class_10,43.82770899810001,71.0470522123
class_10,37.7914323802,66.8546410275
class_10,29.292783111,59.79199693
class_10,32.1920969515,60.200650914700006
class_10,51.4339355233,99.2568672885
class_10,67.46413981180001,95.999963905
class_10,65.15070527569999,92.50263373680001
class_10,65.5834276962,93.5170609365
class_10,69.2889731377,99.57959112540001
class_10,81.26944055109999,80.635944933
class_10,78.5757448361,76.8157030942
class_10,74.1867734997,74.3442041467
class_10,72.622209414,74.5269656511
class_10,75.1415195918,73.81966846479999
class_10,75.168667839,73.9004448762
class_10,85.3242028911,55.38857882520001
class_10,84.090507598,56.301968006
class_10,86.2562238205,55.8309303793
class_10,92.5487933153,42.9019079116
class_10,90.34263450889999,37.7803861004
class_10,85.8191629042,37.5713861819
class_10,90.44181811370001,40.1331134204
class_10,92.0175590822,39.9179311324
class_10,95.2605278366,46.008830272
class_10,41.2902998033,42.3115524113
class_10,66.4313243161,36.5361097353
class_10,63.986346885799996,32.7134316129
class_10,61.269682090500005,29.3857240482
class_10,60.749389190900004,28.0517363383
class_10,64.6552305634,16.612276508599997
class_10,68.6382807138,18.508012896300002
class_10,65.77666515680001,16.7876560655
class_10,71.1341263421,19.3859575313
class_10,63.7231835039,14.521421195699999
class_10,73.00149407010001,24.0738125371
class_10,72.436657497,20.578345113599998
class_10,68.4127671225,19.9131265443
class_10,52.8583150204,20.2350610035
class_10,53.529952673400004,24.2419155845
class_10,50.759741052799995,18.0893946004
class_10,42.53480844,10.1698684594
class_10,41.5303978512,13.3962907452
class_10,46.714517991499996,15.6132744651
class_10,48.4506176492,16.2122782224
class_10,59.6326101247,7.05803719901
class_10,61.6185682473,13.410822718399999
class_10,48.8339891275,17.7259558674
class_10,45.3426531889,13.9088123935
class_10,42.4150122932,11.693781096099999
class_10,58.9347650647,9.36920121911
class_10,60.6836260407,10.632641556900001
class_10,54.811798368299996,6.56964870325
class_10,61.5868424253,11.0275858356
class_10,59.7160077628,11.519096861700001
class_10,58.416384011400005,5.645777483280001
class_10,59.243809528,10.5401420943
class_10,56.594364638500004,8.91734404523
class_10,68.4925132247,17.9873634289
class_10,65.0059431717,15.9126686464
class_10,63.9210367078,15.620961033199999
class_10,53.5129705438,5.8751095283599994
class_10,57.832806274300005,9.22238462333
class_10,31.032917439499997,28.9281418896
class_10,31.3332440932,32.5385694785
class_10,86.4015498466,38.7469331743
class_10,47.442111635399996,98.1843018589
class_10,46.2647413368,94.11619216129999
class_10,40.1638157437,87.44867234690001
class_11,52.872021490200005,97.3432226575
class_11,59.014144494499995,93.5748748733
class_11,56.37510903890001,96.30514763
class_11,37.8391996844,94.359443503
class_11,39.8853734176,90.6346620817
class_11,44.0774051326,84.1258533023
class_11,31.497025488800002,67.9125621568
class_11,25.9525965456,73.0331803541
class_11,36.4347239148,62.294045463900005
class_11,24.997482691,75.44156166260001
class_11,32.2462751352,70.1105868383
class_11,18.1094722949,53.7081103324
class_11,21.7960992263,49.499529524799996
class_11,24.150491069,47.1885335266
class_11,28.6031956015,44.2237227
class_11,20.9319996761,51.6462354868
class_11,35.4355325251,34.9610381566
class_11,44.377382823599994,57.6847369215
class_11,46.313692406,55.6855917703
class_11,46.38607392310001,51.002164538100004
class_11,42.4954400876,56.9036815315
class_11,44.3005150328,58.1329592781
class_11,46.9882833458,55.4206367313
class_11,52.4215231623,47.867005488000004
class_11,64.09099818899999,68.6509850107
class_11,63.0168717563,68.2252589114
class_11,67.30257792260001,64.41346271729999
class_11,67.2259568904,62.476410530100004
class_11,50.309988715,47.2678818553
class_11,45.412638924899994,53.8707976895
class_11,54.0206071815,47.2698972057
class_11,49.8420222483,50.576552293599995
class_11,50.7132995657,48.7722867825
class_11,55.0455549106,45.9862727459
class_11,37.5437012597,32.8840244657
class_11,39.795897806599996,28.443219115599998
class_11,28.5233910215,39.7966662481
class_11,31.399646001199997,39.265263222899996
class_11,39.2415652162,33.3614166846
class_11,27.7140565712,42.2500516253
class_11,32.960703521300005,35.823111290300005
class_11,35.4047362397,31.9391621952
class_11,51.6422264225,50.8383406788
class_11,34.207620843,33.5938054385
class_11,36.5234892198,35.6710483891
class_11,28.4192021281,21.3157482481
class_11,26.1604969417,23.0422314726
class_11,40.435327396999995,27.640071142100002
class_11,44.544955314,27.362242622100002
class_11,40.1237272008,30.0731619402
class_11,42.1848064503,28.5736747331
class_11,40.002659289200004,27.4875100027
class_11,57.1252310509,42.7390191388
class_11,60.375744968,41.3564579961
class_11,55.105896125200005,46.1490510561
class_11,61.7372710245,38.5848440052
class_11,55.741244324600004,46.6535769763
class_11,58.2964084158,41.5831977346
class_11,57.0425482213,42.418757739
class_11,76.77561120729999,55.254598700900004
class_11,71.8870772602,59.2669926152
class_11,73.7883730663,58.6208121164
class_11,75.1396847343,54.2445521781
class_11,64.5963189058,65.952512925
class_11,46.9095386323,85.6022611586
class_11,46.905103199399996,81.5656424136
class_11,49.8069877356,82.085025592
class_11,48.8632418189,83.1583574877
class_11,66.7481899024,84.00483416770001
class_11,62.3597662841,90.24365991959999
class_11,47.3748964954,83.47155551819999
class_11,47.4464667165,82.622124014
class_11,53.385280634,78.8711362558
class_11,49.4527077733,79.9306028004
class_11,54.802682536300004,75.36398498930001
class_11,37.088245133899996,60.857227495
class_11,32.3759619238,68.5108204552
class_11,37.4770138847,63.7886855744
class_11,52.4066488967,96.4254150057
class_11,50.2970432655,99.64417917360001
class_11,61.5633243835,89.86413886049999
class_11,61.086560391899994,89.2243556475
class_11,59.2364904011,91.4811005766
class_11,66.1540050863,84.1119370252
class_11,67.2313347767,85.055640808
class_11,73.7099068702,78.27061089760001
class_11,76.5804513576,72.8915336827
class_11,78.8765811639,71.5625276804
class_11,77.4490021363,72.4473094857
class_11,86.85370734760001,65.54332401939999
class_11,79.806531301,52.7231797883
class_11,76.9882734745,54.2027848022
class_11,79.4793575017,49.1410154455
class_11,82.3041595613,46.990903621499996
class_11,90.70069124700001,41.4667030063
class_11,95.44348780770001,36.1897016148
class_11,94.99748804709999,35.0953011066
class_11,91.517847246,36.8902631263
class_11,62.292642190100004,40.0295333141
class_11,59.20347560729999,41.2706776667
class_11,65.2563927704,32.8541041237
class_11,62.4447424979,35.4149992261
class_11,72.4624062907,27.6242638254
class_11,69.91942625520001,29.3110927191
class_11,77.7628590782,23.4913735562
class_11,72.7784101997,26.9005353695
class_11,65.198316667,33.0271717859
class_11,69.45985889159999,30.197031505300004
class_11,59.3150555205,12.354313666600001
class_11,51.487713355,20.8436106875
class_11,57.1124475509,15.3217851726
class_11,50.224417815699994,19.1709698793
class_11,50.4338611907,18.534870851500003
class_11,56.3803054046,14.7884597101
class_11,54.8635045999,14.009611915
class_11,45.499857649300004,3.9854262928699993
class_11,49.93674530569999,21.5900969196
class_11,53.8098729164,17.7664144512
class_11,59.8526782804,9.03994992133
class_11,48.1756567942,19.5212153543
class_11,50.7417190667,17.8384056087
class_11,58.4597612975,14.1486628546
class_11,50.114597519300006,1.74146171252
class_11,45.4203820755,5.372408995419999
class_11,51.3532681954,0.30387242055
class_11,53.091704424,19.2900304453
class_11,58.94316654439999,11.6128777918
class_11,59.310990421899994,10.5721363739
class_11,68.2221986595,1.1338803658399998
class_11,62.511771986199996,7.491232482789999
class_11,69.3800563617,1.48813233299
class_11,82.8002478704,18.5293762368
class_11,85.1603321777,15.0183695439
class_11,67.095847697,0.6014909419650001
class_11,62.307750573,5.749974719450001
class_11,59.970415045799996,7.9133104735
class_11,39.911635173899995,32.144022614499995
class_11,39.5965009783,32.1361317349
class_11,95.59341639649999,33.2341293953
class_11,52.772288113,99.6134716833
class_11,53.1786144535,98.6038611855
class_11,37.6270534612,93.060672952
class_12,65.8155400946,95.5883740582
class_12,65.6722651618,91.93340181190001
class_12,39.002716451,92.26183816
class_12,37.795302802600006,93.5324553607
class_12,35.5139005857,89.59919011379999
class_12,39.2194529062,83.5434818364
class_12,31.588201386199998,77.0280524208
class_12,32.6577782482,80.1138612983
class_12,31.6415992679,77.6108331874
class_12,30.987142609899998,63.9440280336
class_12,27.4396322054,65.7444629564
class_12,30.578369944899997,65.5219454667
class_12,28.809401636999997,59.6210044666
class_12,27.9395185786,50.9850621313
class_12,33.8499497887,46.2844744465
class_12,32.628463049000004,54.063720492899996
class_12,32.4386500903,49.9030194916
class_12,35.8382920833,53.3514883396
class_12,37.1420429198,49.74198795189999
class_12,34.6445467746,54.4441077764
class_12,35.675404696,49.6256433471
class_12,64.99458547,49.4621728312
class_12,66.1291498342,61.6437178853
class_12,65.79065188199999,55.9453737171
class_12,67.5017806138,60.8502274659
class_12,67.6295142176,61.429106070100005
class_12,63.910064059899995,62.972334930500004
class_12,66.5493579687,67.7255886599
class_12,64.0515417112,48.8200939835
class_12,68.1932895833,46.5435408096
class_12,65.2783891952,44.8203529292
class_12,34.9976613883,28.632993935100004
class_12,33.9237661692,53.5586885227
class_12,66.0044543688,52.684669145200004
class_12,37.023256246399995,32.1184816794
class_12,34.6982700852,36.475354134899995
class_12,34.8634441715,30.939274521799998
class_12,31.0900650789,32.3837547196
class_12,34.9213061465,35.4184380529
class_12,30.343361183000003,32.524563174200004
class_12,35.483328868499996,44.491634930299995
class_12,33.2349104271,38.502483721
class_12,35.439943618200004,47.797517693900005
class_12,33.8735095227,37.056028453
class_12,28.564137796599997,34.6263997171
class_12,31.3195486706,31.6639905316
class_12,30.796174379,23.5190343602
class_12,34.233355434699995,22.4959116015
class_12,36.6307877065,31.4768312621
class_12,34.5486191018,26.1110878654
class_12,37.5196356,29.267605893600003
class_12,62.4256973267,34.0442062707
class_12,64.320383794,31.7856294846
class_12,65.4455325117,43.273499193599996
class_12,64.3256315887,41.6159763773
class_12,65.264338195,35.7175447772
class_12,66.388704175,38.8447443366
class_12,68.1914228192,45.1694864796
class_12,68.5406624515,48.438526338900004
class_12,67.6614312657,51.068584587299995
class_12,68.6755160534,50.465234811
class_12,69.0817099788,55.4740530987
class_12,69.048716493,66.3660457477
class_12,67.3082233775,71.5902965807
class_12,38.714899408,76.3969778172
class_12,35.5480948795,89.3049758407
class_12,36.710672942399995,86.0749670003
class_12,64.9126624396,87.6457960566
class_12,66.0641357377,89.20866858149999
class_12,64.9359294757,87.0721381174
class_12,67.0265507063,76.2225153324
class_12,65.3140322257,77.93874403310001
class_12,64.29521777640001,84.1258572133
class_12,38.7980121423,74.6106304299
class_12,34.6757573144,79.6375987743
class_12,30.7192619427,58.812060081999995
class_12,34.1051509268,64.1291972267
class_12,33.4233718511,67.0957433613
class_12,66.3138096741,98.9310270371
class_12,65.3096314498,98.16515683959999
class_12,65.7140760682,99.2837639519
class_12,67.5934531877,90.9519098246
class_12,66.3880173202,89.2812304744
class_12,67.8061881135,91.6881773501
class_12,70.9626103129,86.5181213517
class_12,71.99363717140001,78.82094806949999
class_12,72.4798343312,80.8006830564
class_12,74.0784292286,72.95153085220001
class_12,72.03628801890001,69.7160484161
class_12,72.9981862717,59.6656447092
class_12,74.8121312339,57.589883763100005
class_12,73.0273050243,46.2741878725
class_12,77.067111934,51.4869181896
class_12,75.01713687270001,46.622442648900005
class_12,76.6653077326,38.440250966
class_12,77.9158742329,45.926843382600005
class_12,73.7420460836,39.1209853231
class_12,75.3298157891,32.8303519164
class_12,63.4104355141,38.377735614
class_12,68.85648666899999,43.084147214
class_12,66.3377850519,33.3065100022
class_12,64.2037185014,26.644114300300004
class_12,64.4986348346,22.863501326999998
class_12,68.8909906096,27.2962056672
class_12,72.371523338,21.9616397473
class_12,69.7654249704,19.999850454
class_12,68.6213124429,18.9156764428
class_12,64.2977371716,20.4287496884
class_12,66.6992650902,18.5910853404
class_12,67.54452768109999,16.4479381344
class_12,63.946951983599995,18.6928454476
class_12,64.3881920705,15.772812280799998
class_12,65.570045691,23.765758222600002
class_12,38.402836875300004,19.0468586722
class_12,37.832360016399996,14.4694894463
class_12,36.9041611715,13.5838157511
class_12,36.286143052,17.1057707266
class_12,62.7866325947,13.9189931024
class_12,66.8176792234,11.4124971575
class_12,66.755021412,18.0853051378
class_12,65.4155283864,10.463512206799999
class_12,36.9463314417,13.5143774996
class_12,37.8254347391,9.60103429534
class_12,36.722837943,9.333302106860002
class_12,67.07332178060001,6.049214581619999
class_12,64.601818107,12.001916964300001
class_12,65.43728218060001,15.545386078499998
class_12,67.0040223792,15.3458266393
class_12,66.7241920702,5.24980548075
class_12,68.3076187632,13.2809165227
class_12,68.7680482759,13.5214565521
class_12,74.1672717461,5.34988087254
class_12,64.9003579699,16.2452583689
class_12,68.7634335463,8.70057294385
class_12,66.8169139163,12.2732943361
class_12,67.3093466467,0.21700627001400002
class_12,34.7318293093,19.6017950724
class_12,33.6744421497,26.09049021
class_12,75.6272550236,37.128751949
class_12,40.6101254225,89.1362398699
class_12,39.1143664549,96.4817513202
class_12,34.5838289299,89.5889019877
